id,content,start
1,Rest,20170101
2,Rest,20170102
3,Rest,20170103
4,Rest,20170104
5,Chest,20170105
6,Pull 1,20170106
7,Running,20170107
8,Shoulders and Arms,20170108
9,Pull 2,20170109
10,Running,20170110
11,Chest,20170111
12,Pull 1,20170112
13,Running,20170113
14,Shoulders and Arms,20170114
15,Pull 2,20170115
16,Running,20170116
17,Chest,20170117
18,Pull 1,20170118
19,Running,20170119
20,Shoulders and Arms,20170120
21,Pull 2,20170121
22,Running,20170122
23,Pull 1,20170123
24,Chest,20170124
25,Running,20170125
26,Pull 2,20170126
27,Insane Chest and Dips,20170127
28,Running,20170128
29,Pull 2,20170129
30,Rest,20170130
31,Insane Chest and Dips,20170131
32,Rest,20170201
33,Running,20170202
34,Pull 1,20170203
35,Chest,20170204
36,Running,20170205
37,Pull 2,20170206
38,Insane Chest and Dips,20170207
39,Pull 1,20170208
40,Rest,20170209
41,Chest,20170210
42,Running,20170211
43,Pull 2,20170212
44,Insane Chest and Dips,20170213
45,Running,20170214
46,Pull 1,20170215
47,Chest,20170216
48,Pull 2,20170217
49,Rest,20170218
50,Running,20170219
51,Pull 1,20170220
52,Chest,20170221
53,Rest,20170222
54,Pull 2,20170223
55,Running,20170224
56,Rest,20170225
57,Pull 1,20170226
58,Chest,20170227
59,Running,20170228
60,Pull 2,20170301
61,Insane Chest and Dips,20170302
62,Running,20170303
63,Pull 1,20170304
64,Chest,20170305
65,Running,20170306
66,Pull 2,20170307
67,Insane Chest and Dips,20170308
68,Rest,20170309
69,Pull 2,20170310
70,Chest,20170311
71,Pull 1,20170312
72,Chest,20170313
73,Pull 2,20170314
74,Insane Chest and Dips,20170315
75,Pull 1,20170316
76,Rest,20170317
77,Chest,20170318
78,Pull 1,20170319
79,Insane Chest and Dips,20170320
80,Rest,20170321
81,Pull 2,20170322
82,Chest,20170323
83,Pull 1,20170324
84,Chest,20170325
85,Pull 2,20170326
86,Chest,20170327
87,Rest,20170328
88,Rest,20170329
89,Cardio,20170330
90,Insane Chest and Biceps,20170331
91,Pull 2 + Cardio,20170401
92,Texas + Cardio,20170402
93,Rest,20170403
94,Insane Chest,20170404
95,Cobra Back,20170405
96,Cardio,20170406
97,Cobra Back,20170407
98,Dorians Challenge,20170408
99,Insane Chest + Cardio,20170409
100,Rest,20170410
101,Back + Cardio,20170411
102,Insane Chest and Biceps,20170412
103,Cobra Back,20170413
104,Texas,20170414
105,Cardio,20170415
106,Rest,20170416
107,Running,20170417
108,Texas,20170418
109,Cobra Back,20170419
110,Texas,20170420
111,Insane Chest and Biceps,20170421
112,Texas,20170422
113,Running,20170423
114,Rest,20170424
115,Pull 1,20170425
116,Chest,20170426
117,Running,20170427
118,Cobra Back,20170428
119,Insane Chest,20170429
120,Pull 1 + Cardio,20170430
121,Chest,20170501
122,Running,20170502
123,Cobra Back + Abs,20170503
124,Chest,20170504
125,Running,20170505
126,Pull 1,20170506
127,Chest,20170507
128,Cobra Back,20170508
129,Texas + Cardio,20170509
130,Legs,20170510
131,Texas + Cardio,20170511
132,Chest,20170512
133,Cobra Back,20170513
134,Texas,20170514
135,Chest,20170515
136,Running,20170516
137,Back,20170517
138,Chest + Cardio,20170518
139,Texas,20170519
140,Legs,20170520
141,Texas,20170521
142,Chest,20170522
143,Running,20170523
144,Back,20170524
145,Running,20170525
146,Texas,20170526
147,Legs,20170527
148,Texas,20170528
149,Chest,20170529
150,Running,20170530
151,Back,20170531
152,Texas,20170601
153,Chest,20170602
154,Back,20170603
155,Legs,20170604
156,Texas,20170605
157,Chest,20170606
158,Back,20170607
159,Legs,20170608
160,Texas,20170609
161,Chest,20170610
162,Back,20170611
163,Legs,20170612
164,Texas,20170613
165,Rest,20170614
166,Chest,20170615
167,Back,20170616
168,Legs,20170617
169,Texas,20170618
170,Back,20170619
171,Rest,20170620
172,Rest,20170621
173,Back,20170622
174,Chest,20170623
175,Back,20170624
176,Chest + Back,20170625
177,Chest and Biceps,20170626
178,Back,20170627
179,Chest and Biceps + Back,20170628
180,Upper Body,20170629
181,Chest and Biceps,20170630
182,Texas,20170701
183,Cobra Back,20170702
184,Chest and Biceps,20170703
185,Back,20170704
186,Chest and Triceps and Core,20170705
187,Back and Biceps and Core,20170706
188,Chest and Triceps and Core,20170707
189,Back and Biceps,20170708
190,Rest,20170709
191,Chest and Core,20170710
192,Back,20170711
193,Legs and Core,20170712
194,Chest and Core,20170713
195,Back,20170714
196,Upper Body,20170715
197,Rest,20170716
198,Chest and Core and Rotator Cuffs,20170717
199,Back and Knee Conditioning,20170718
200,Chest and Core and Rotator Cuffs,20170719
201,Back and Knee Conditioning,20170720
202,Chest and Back and Knee Conditioning,20170721
203,Upper Body,20170722
204,Rest,20170723
205,Back and Knee Conditioning,20170724
206,Half Squats and Chest and Core,20170725
207,Back and Knee Conditioning,20170726
208,Chest and Core and Rotator Cuffs,20170727
209,Back and Knee Conditioning,20170728
210,Insane Chest and Push and Core,20170729
211,Cycling + Cobra Back,20170730
212,Chest,20170731
213,Back,20170801
214,Legs,20170802
215,Compound and Core,20170803
216,Back,20170804
217,Insane Chest and Push,20170805
218,Cobra Back and Core,20170806
219,Chest,20170807
220,Legs,20170808
221,Back,20170809
222,Chest and Core,20170810
223,Compound,20170811
224,Cobra Back and Core,20170812
225,Texas,20170813
226,Can't Walk and Core,20170814
227,Insane Chest and Push,20170815
228,Cobra Back and Pull,20170816
229,Chest and Core,20170817
230,Back,20170818
231,Can't Walk,20170819
232,Texas and Dips and Core,20170820
233,Compound + Chest,20170821
234,Back,20170822
235,Legs and Core,20170823
236,Compound,20170824
237,Back and Core,20170825
238,Insane Chest and Push,20170826
239,Rest,20170827
240,Legs and Core,20170828
241,Chest and Core,20170829
242,Back,20170830
243,Compound,20170831
244,Legs and Core,20170901
245,Chest,20170902
246,Cobra Back and Pull,20170903
247,Legs and Core,20170904
248,Back,20170905
249,Insane Chest and Push,20170906
250,Cobra Back and Pull,20170907
251,Legs and Core,20170908
252,Texas,20170909
253,Insane Chest and Push,20170910
254,Cobra Back and Pull,20170911
255,Rest,20170912
256,Legs,20170913
257,Insane Chest and Push,20170914
258,Cobra Back and Pull,20170915
259,Legs,20170916
260,Insane Chest and Push,20170917
261,Cobra Back and Pull,20170918
262,Rest,20170919
263,Rest,20170920
264,Chest,20170921
265,Running,20170922
266,Back,20170923
267,Running,20170924
268,Legs,20170925
269,Running,20170926
270,Chest,20170927
271,Running,20170928
272,Back,20170929
273,Running,20170930
274,Legs,20171001
275,Running,20171002
276,Chest,20171003
277,Running,20171004
278,Back,20171005
279,Running,20171006
280,Legs,20171007
281,Running,20171008
282,Chest,20171009
283,Running,20171010
284,Back,20171011
285,Running,20171012
286,Legs,20171013
287,Chest,20171014
288,Back,20171015
289,Legs,20171016
290,Running,20171017
291,Chest and Back,20171018
292,Running,20171019
293,Legs,20171020
294,Running,20171021
295,Compound,20171022
296,Legs,20171023
297,Running,20171024
298,Compound,20171025
299,Running,20171026
300,Legs,20171027
301,Chest,20171028
302,Back,20171029
303,Legs,20171030
304,Running,20171031
305,Compound,20171101
306,Running,20171102
307,Legs,20171103
308,Chest,20171104
309,Back,20171105
310,Rest,20171106
311,Rest,20171107
312,Legs,20171108
313,Running,20171109
314,Chest,20171110
315,Back,20171111
316,Compound,20171112
317,Legs,20171113
318,Running,20171114
319,Compound,20171115
320,Legs,20171116
321,Running,20171117
322,Chest,20171118
323,Back,20171119
324,Running,20171120
325,Running,20171121
326,Compound 1,20171122
327,Running,20171123
328,Running,20171124
329,Legs,20171125
330,Compound 2,20171126
331,Running,20171127
332,Running,20171128
333,Compound 1,20171129
334,Running,20171130
335,Running,20171201
336,Compound 2,20171202
337,Legs,20171203
338,Running,20171204
339,Running,20171205
340,Compound 1,20171206
341,Running,20171207
342,Running,20171208
343,Compound 2,20171209
344,Compound 3,20171210
345,Running,20171211
346,Running,20171212
347,Compound 1,20171213
348,Running,20171214
349,Compound 2,20171215
350,Compound 3,20171216
351,Rest,20171217
352,Running,20171218
353,Running,20171219
354,Texas,20171220
355,Running,20171221
356,Running,20171222
357,Texas,20171223
358,Running,20171224
359,Rest,20171225
360,Rest,20171226
361,Cross training,20171227
362,Rest,20171228
363,Rest,20171229
364,Rest,20171230
365,Rest,20171231
366,Rest,20180101
367,Multisport,20180102
368,Multisport,20180103
369,Multisport,20180104
370,Rest,20180105
371,Rest,20180106
372,Legs,20180107
373,Chest,20180108
374,Back,20180109
375,Rest,20180110
376,Legs,20180111
377,Chest,20180112
378,Back,20180113
379,Rest,20180114
380,Rest,20180115
381,Rest,20180116
382,Rest,20180117
383,Chest,20180118
384,Back,20180119
385,Legs,20180120
386,Chest,20180121
387,Back,20180122
388,Legs,20180123
389,Chest,20180124
390,Back,20180125
391,Legs,20180126
392,Chest,20180127
393,Back,20180128
394,Legs,20180129
395,Rest,20180130
396,Chest,20180131
397,Back,20180201
398,Legs,20180202
399,Chest,20180203
400,Back,20180204
401,Legs,20180205
402,Rest,20180206
403,Chest,20180207
404,Back,20180208
405,Running,20180209
406,Chest,20180210
407,Back,20180211
408,Legs,20180212
409,Chest,20180213
410,Back,20180214
411,Rest,20180215
412,Running,20180216
413,Chest,20180217
414,Back,20180218
415,Legs,20180219
416,Running,20180220
417,Chest,20180221
418,Back,20180222
419,Running,20180223
420,Chest,20180224
421,Back,20180225
422,Legs,20180226
423,Rest,20180227
424,Chest,20180228
425,Back,20180301
426,Rest,20180302
427,Chest,20180303
428,Back,20180304
429,Legs,20180305
430,Rest,20180306
431,Chest,20180307
432,Back,20180308
433,Running,20180309
434,Chest,20180310
435,Back,20180311
436,Legs,20180312
437,Running,20180313
438,Chest,20180314
439,Back,20180315
440,Running,20180316
441,Compound,20180317
442,Legs,20180318
443,Running,20180319
444,Chest,20180320
445,Back,20180321
446,Running,20180322
447,Chest,20180323
448,Back,20180324
449,Legs,20180325
450,Running,20180326
451,Chest,20180327
452,Back,20180328
453,Rest,20180329
454,Multisport,20180330
455,Multisport,20180331
456,Multisport,20180401
457,Rest,20180402
458,Multisport,20180403
459,Compound,20180404
460,Rest,20180405
461,Multisport,20180406
462,Multisport,20180407
463,Multisport,20180408
464,Multisport,20180409
465,Rest,20180410
466,Chest,20180411
467,Back,20180412
468,Legs,20180413
469,Chest,20180414
470,Back,20180415
471,Running,20180416
472,Chest,20180417
473,Multisport (Back),20180418
474,Legs,20180419
475,Rest,20180420
476,Multisport (Chest),20180421
477,Multisport (Back),20180422
478,Legs,20180423
479,Chest,20180424
480,Multisport (Back),20180425
481,Multisport (Chest),20180426
482,Back,20180427
483,Chest,20180428
484,Legs,20180429
485,Rest,20180430
486,Multisport (Back),20180501
487,Chest,20180502
488,Multisport (Back),20180503
489,Multisport (Chest),20180504
490,Multisport (Back),20180505
491,Legs,20180506
492,Multisport (Chest),20180507
493,Multisport (Back),20180508
494,Running,20180509
495,Chest,20180510
496,Rest,20180511
497,Multisport (Back),20180512
498,Legs,20180513
499,Multisport (Chest),20180514
500,Multisport (Back),20180515
501,Chest,20180516
502,Multisport (Back),20180517
503,Legs,20180518
504,Multisport (Chest),20180519
505,Multisport (Back),20180520
506,Chest,20180521
507,Multisport (Back),20180522
508,Legs,20180523
509,Multisport (Chest),20180524
510,Multisport (Back),20180525
511,Chest,20180526
512,Rest,20180527
513,Multisport (Legs),20180528
514,Multisport (Back),20180529
515,Multisport (Chest),20180530
516,Multisport (Legs),20180531
517,Multisport (Back),20180601
518,Multisport (Chest),20180602
519,Rest,20180603
520,Compound,20180604
521,Rest,20180605
522,Compound,20180606
523,Compound,20180607
524,Multisport (Back),20180608
525,Rest,20180609
526,Multisport (Chest),20180610
527,Rest,20180611
528,Rest,20180612
529,Multisport (Back),20180613
530,Multisport (Chest),20180614
531,Multisport (Back),20180615
532,Multisport (Chest),20180616
533,Multisport (Back),20180617
534,Multisport (Chest),20180618
535,Multisport (Back),20180619
536,Multisport (Chest),20180620
537,Multisport (Back),20180621
538,Rest,20180622
539,Rest,20180623
540,Rest,20180624
541,Compound,20180625
542,Compound,20180626
543,Compound,20180627
544,Compound,20180628
545,Compound,20180629
546,Compound,20180630
547,Rest,20180701
548,Chest,20180702
549,Back,20180703
550,Chest,20180704
551,Back,20180705
552,Rest,20180706
553,Rest,20180707
554,Rest,20180708
555,Chest,20180709
556,Back,20180710
557,Legs,20180711
558,Chest,20180712
559,Back,20180713
560,Chest,20180714
561,Back,20180715
562,Legs,20180716
563,Chest,20180717
564,Running,20180718
565,Back,20180719
566,Legs,20180720
567,Running,20180721
568,Compound,20180722
569,Chest,20180723
570,Running,20180724
571,Back,20180725
572,Running,20180726
573,Legs,20180727
574,Compound,20180728
575,Chest,20180729
576,Running,20180730
577,Back,20180731
578,Running,20180801
579,Compound,20180802
580,Rest,20180803
581,Rest,20180804
582,Chest,20180805
583,Rest,20180806
584,Back,20180807
585,Legs,20180808
586,Chest,20180809
587,Back,20180810
588,Legs,20180811
589,Chest,20180812
590,Back,20180813
591,Legs,20180814
592,Chest,20180815
593,Back,20180816
594,Legs,20180817
595,Compound,20180818
596,Running,20180819
597,Compound,20180820
598,Rest,20180821
599,Legs,20180822
600,Chest,20180823
601,Running,20180824
602,Back,20180825
603,Compound,20180826
604,Running,20180827
605,Chest,20180828
606,Back,20180829
607,Chest,20180830
608,Back,20180831
609,Chest,20180901
610,Back,20180902
611,Rest,20180903
612,Chest,20180904
613,Back,20180905
614,Rest,20180906
615,Chest,20180907
616,Back,20180908
617,Legs,20180909
618,Chest,20180910
619,Back,20180911
620,Chest,20180912
621,Back,20180913
622,Rest,20180914
623,Chest,20180915
624,Back,2018-09-16
625,Legs,2018-09-17
626,Chest,2018-09-18
627,Back,2018-09-19
628,Legs,2018-09-20
629,Chest,2018-09-21
630,Back,2018-09-22
631,Legs,2018-09-23
632,Chest,2018-09-24
633,Back,2018-09-25
634,Legs,2018-09-26
635,Chest,2018-09-27
636,Back,2018-09-28
637,Legs,2018-09-29
638,Chest,2018-09-30
639,Back,2018-10-01
640,Rest,2018-10-02
641,Chest,2018-10-03
642,Back,2018-10-04
643,Running,2018-10-05
644,Chest,2018-10-06
645,Back,2018-10-07
646,Chest,2018-10-08
647,Running,2018-10-09
648,Bouldering,2018-10-10
649,Back,2018-10-11
650,Running,2018-10-12
651,Bouldering,2018-10-13
652,Legs,2018-10-14
653,Chest,2018-10-15
654,Running,2018-10-16
655,Bouldering,2018-10-17
656,Back,2018-10-18
657,Running,2018-10-19
658,Bouldering,2018-10-20
659,Legs,2018-10-21
660,Chest,2018-10-22
661,Running,2018-10-23
662,Bouldering,2018-10-24
663,Back,2018-10-25
664,Running,2018-10-26
665,Bouldering,2018-10-27
666,Legs,2018-10-28
667,Chest,2018-10-29
668,Running,2018-10-30
669,Back,2018-10-31
670,Running,2018-11-01
671,Compound,2018-11-02
672,Bouldering,2018-11-03
673,Bouldering,2018-11-04
674,Chest,2018-11-05
675,Running,2018-11-06
676,Back,2018-11-07
677,Compound,2018-11-08
678,Rest,2018-11-09
679,Bouldering,2018-11-10
680,Bouldering,2018-11-11
681,Chest,2018-11-12
682,Running,2018-11-13
683,Back,2018-11-14
684,Compound,2018-11-15
685,Rest,2018-11-16
686,Bouldering,2018-11-17
687,Bouldering,2018-11-18
688,Chest,2018-11-19
689,Running,2018-11-20
690,Back,2018-11-21
691,Bouldering,2018-11-22
692,Compound,2018-11-23
693,Compound,2018-11-24
694,Bouldering,2018-11-25
695,Rest,2018-11-26
696,Chest,2018-11-27
697,Back,2018-11-28
698,Rest,2018-11-29
699,Compound,2018-11-30
700,Running,2018-12-01
701,Bouldering,2018-12-02
702,Chest,2018-12-03
703,Back,2018-12-04
704,Bouldering,2018-12-05
705,Chest,2018-12-06
706,Back,2018-12-07
707,Compound,2018-12-08
708,Chest,2018-12-09
709,Back,2018-12-10
710,Compound,2018-12-11
711,Chest,2018-12-12
712,Back,2018-12-13
713,Compound,2018-12-14
714,Rest,2018-12-15
715,Rest,2018-12-16
716,Multisport,2018-12-17
717,Multisport,2018-12-18
718,Chest,2018-12-19
719,Back,2018-12-20
720,Multisport,2018-12-21
721,Chest,2018-12-22
722,Back,2018-12-23
723,Multisport,2018-12-24
724,Rest,2018-12-25
725,Multisport,2018-12-26
726,Chest,2018-12-27
727,Back,2018-12-28
728,Multisport,2018-12-29
729,Chest,2018-12-30
730,Back,2018-12-31
731,Rest,2019-01-01
732,Multisport,2019-01-02
733,Chest,2019-01-03
734,Back,2019-01-04
735,Multisport,2019-01-05
736,Multisport,2019-01-06
737,Rest,2019-01-07
738,Multisport,2019-01-08
739,Rest,2019-01-09
740,Multisport,2019-01-10
741,Rest,2019-01-11
742,Multisport,2019-01-12
743,Multisport,2019-01-13
744,Multisport,2019-01-14
745,Rest,2019-01-15
746,Back,2019-01-16
747,Chest,2019-01-17
748,Compound,2019-01-18
749,Back,2019-01-19
750,Chest,2019-01-20
751,Compound,2019-01-21
752,Back,2019-01-22
753,Chest,2019-01-23
754,Compound,2019-01-24
755,Rest,2019-01-25
756,Compound,2019-01-26
757,Rest,2019-01-27
758,Chest,2019-01-28
759,Back,2019-01-29
760,Legs,2019-01-30
761,Compound,2019-01-31
762,Rest,2019-02-01
763,Chest,2019-02-02
764,Back,2019-02-03
765,Legs,2019-02-04
766,Compound,2019-02-05
767,Chest,2019-02-06
768,Back,2019-02-07
769,Legs,2019-02-08
770,Compound,2019-02-09
771,Chest,2019-02-10
772,Back,2019-02-11
773,Legs,2019-02-12
774,Compound,2019-02-13
775,Rest,2019-02-14
776,Compound,2019-02-15
777,Rest,2019-02-16
778,Chest,2019-02-17
779,Back,2019-02-18
780,Legs,2019-02-19
781,Compound,2019-02-20
782,Chest,2019-02-21
783,Back,2019-02-22
784,Legs,2019-02-23
785,Compound,2019-02-24
786,Chest,2019-02-25
787,Back,2019-02-26
788,Compound,2019-02-27
789,Rest,2019-02-28
790,Chest,2019-03-01
791,Back,2019-03-02
792,Legs,2019-03-03
793,Multisport,2019-03-04
794,Multisport,2019-03-05
795,Back,2019-03-06
796,Compound,2019-03-07
797,Chest,2019-03-08
798,Back,2019-03-09
799,Compound,2019-03-10
800,Legs,2019-03-11
801,Chest,2019-03-12
802,Back,2019-03-13
803,Legs,2019-03-14
804,Compound,2019-03-15
805,Rest,2019-03-16
806,Rest,2019-03-17
807,Chest,2019-03-18
808,Back,2019-03-19
809,Chest,2019-03-20
810,Back,2019-03-21
811,Compound,2019-03-22
812,Rest,2019-03-23
813,Chest,2019-03-24
814,Back,2019-03-25
815,Chest,2019-03-26
816,Back,2019-03-27
817,Chest,2019-03-28
818,Back,2019-03-29
819,Chest,2019-03-30
820,Basketball,2019-03-31
821,Back,2019-04-01
822,Chest,2019-04-02
823,Back,2019-04-03
824,Chest,2019-04-04
825,Back,2019-04-05
826,Basketball,2019-04-06
827,Chest,2019-04-07
828,Back,2019-04-08
829,Chest,2019-04-09
830,Back,2019-04-10
831,Chest,2019-04-11
832,Back,2019-04-12
833,Rest,2019-04-13
834,Rest,2019-04-14
835,Chest,2019-04-15
836,Back,2019-04-16
837,Chest,2019-04-17
838,Back,2019-04-18
839,Rest,2019-04-19
840,Chest,2019-04-20
841,Back,2019-04-21
842,Chest,2019-04-22
843,Back,2019-04-23
844,Rest,2019-04-24
845,Chest,2019-04-25
846,Back,2019-04-26
847,Chest,2019-04-27
848,Back,2019-04-28
849,Chest,2019-04-29
850,Back,2019-04-30
851,Rest,2019-05-01
852,Chest,2019-05-02
853,Back,2019-05-03
854,Running,2019-05-04
855,Chest,2019-05-05
856,Back,2019-05-06
857,Chest,2019-05-07
858,Rest,2019-05-08
859,Back,2019-05-09
860,Chest,2019-05-10
861,Rest,2019-05-11
862,Back,2019-05-12
863,Running,2019-05-13
864,Chest,2019-05-14
865,Back,2019-05-15
866,Running,2019-05-16
867,Chest,2019-05-17
868,Back,2019-05-18
869,Running,2019-05-19
870,Chest,2019-05-20
871,Back,2019-05-21
872,Running,2019-05-22
873,Chest,2019-05-23
874,Back,2019-05-24
875,Legs,2019-05-25
876,Chest,2019-05-26
877,Back,2019-05-27
878,Chest,2019-05-28
879,Back,2019-05-29
880,Running,2019-05-30
881,Chest,2019-05-31
882,Back,2019-06-01
883,Legs,2019-06-02
884,Chest,2019-06-03
885,Back,2019-06-04
886,Running,2019-06-05
887,Chest,2019-06-06
888,Back,2019-06-07
889,Legs,2019-06-08
890,Chest,2019-06-09
891,Back,2019-06-10
892,Rest,2019-06-11
893,Rest,2019-06-12
894,Surfing,2019-06-13
895,Surfing,2019-06-14
896,Surfing,2019-06-15
897,Surfing,2019-06-16
898,Surfing,2019-06-17
899,Rest,2019-06-18
900,Rest,2019-06-19
901,Rest,2019-06-20
902,Rest,2019-06-21
903,Rest,2019-06-22
904,Rest,2019-06-23
905,Rest,2019-06-24
906,Rest,2019-06-25
907,Chest,2019-06-26
908,Back,2019-06-27
909,Compound,2019-06-28
910,Rest,2019-06-29
911,Rest,2019-06-30
912,Compound,2019-07-01
913,Chest,2019-07-02
914,Back,2019-07-03
915,Chest,2019-07-04
916,Back,2019-07-05
917,Running,2019-07-06
918,Running,2019-07-07
919,Chest,2019-07-08
920,Back,2019-07-09
921,Compound,2019-07-10
922,Chest,2019-07-11
923,Back,2019-07-12
924,Compound,2019-07-13
925,Rest,2019-07-14
926,Chest,2019-07-15
927,Back,2019-07-16
928,Chest,2019-07-17
929,Back,2019-07-18
930,Compound,2019-07-19
931,Rest,2019-07-20
932,Rest,2019-07-21
933,Compound,2019-07-22
934,Chest,2019-07-23
935,Compound,2019-07-24
936,Back,2019-07-25
937,Compound,2019-07-26
938,Rest,2019-07-27
939,Running,2019-07-28
940,Compound,2019-07-29
941,Chest,2019-07-30
942,Compound,2019-07-31
943,Back,2019-08-01
944,Compound,2019-08-02
945,Rest,2019-08-03
946,Rest,2019-08-04
947,Chest,2019-08-05
948,Back,2019-08-06
949,Chest,2019-08-07
950,Back,2019-08-08
951,Compound,2019-08-09
952,Rest,2019-08-10
953,Rest,2019-08-11
954,Compound,2019-08-12
955,Compound,2019-08-13
956,Rest,2019-08-14
957,Rest,2019-08-15
958,Rest,2019-08-16
959,Rest,2019-08-17
960,Rest,2019-08-18
961,Chest,2019-08-19
962,Back,2019-08-20
963,Legs,2019-08-21
964,Chest,2019-08-22
965,Back,2019-08-23
966,Rest,2019-08-24
967,Running,2019-08-25
968,Chest,2019-08-26
969,Back,2019-08-27
970,Legs,2019-08-28
971,Chest,2019-08-29
972,Back,2019-08-30
973,Compound,2019-08-31
974,Rest,2019-09-01
975,Compound,2019-09-02
976,Chest,2019-09-03
977,Compound,2019-09-04
978,Back,2019-09-05
979,Compound,2019-09-06
980,Compound,2019-09-07
981,Rest,2019-09-08
982,Compound,2019-09-09
983,Chest,2019-09-10
984,Compound,2019-09-11
985,Back,2019-09-12
986,Compound,2019-09-13
987,Compound,2019-09-14
988,Rest,2019-09-15
989,Chest,2019-09-16
990,Back,2019-09-17
991,Legs,2019-09-18
992,Chest,2019-09-19
993,Back,2019-09-20
994,Compound,2019-09-21
995,Rest,2019-09-22
996,Rest,2019-09-23
997,Compound,2019-09-24
998,Rest,2019-09-25
999,Rest,2019-09-26
1000,Rest,2019-09-27
1001,Rest,2019-09-28
1002,Rest,2019-09-29
1003,Rest,2019-09-30
1004,Chest,2019-10-01
1005,Back,2019-10-02
1006,Legs,2019-10-03
1007,Compound,2019-10-04
1008,Rest,2019-10-05
1009,Rest,2019-10-06
1010,Compound,2019-10-07
1011,Chest,2019-10-08
1012,Back,2019-10-09
1013,Legs,2019-10-10
1014,Compound,2019-10-11
1015,Rest,2019-10-12
1016,Chest,2019-10-13
1017,Back,2019-10-14
1018,Legs,2019-10-15
1019,Chest,2019-10-16
1020,Back,2019-10-17
1021,Legs,2019-10-18
1022,Rest,2019-10-19
1023,Rest,2019-10-20
1024,Compound,2019-10-21
1025,Chest,2019-10-22
1026,Back,2019-10-23
1027,Legs,2019-10-24
1028,Compound,2019-10-25
1029,Rest,2019-10-26
1030,Rest,2019-10-27
1031,Compound,2019-10-28
1032,Chest,2019-10-29
1033,Back,2019-10-30
1034,Compound,2019-10-31
1035,Chest,2019-11-01
1036,Back,2019-11-02
1037,Running,2019-11-03
1038,Chest,2019-11-04
1039,Back,2019-11-05
1040,Running,2019-11-06
1041,Chest,2019-11-07
1042,Back,2019-11-08
1043,Rest,2019-11-09
1044,Rest,2019-11-10
1045,Chest,2019-11-11
1046,Back,2019-11-12
1047,Running,2019-11-13
1048,Chest,2019-11-14
1049,Back,2019-11-15
1050,Compound,2019-11-16
1051,Rest,2019-11-17
1052,Chest,2019-11-18
1053,Back,2019-11-19
1054,Rest,2019-11-20
1055,Chest,2019-11-21
1056,Back,2019-11-22
1057,Rest,2019-11-23
1058,Rest,2019-11-24
1059,Chest,2019-11-25
1060,Back,2019-11-26
1061,Compound,2019-11-27
1062,Chest,2019-11-28
1063,Back,2019-11-29
1064,Compound,2019-11-30
1065,Rest,2019-12-01
1066,Chest,2019-12-02
1067,Back,2019-12-03
1068,Chest,2019-12-04
1069,Back,2019-12-05
1070,Compound,2019-12-06
1071,Rest,2019-12-07
1072,Rest,2019-12-08
1073,Compound,2019-12-09
1074,Rest,2019-12-10
1075,Compound,2019-12-11
1076,Rest,2019-12-12
1077,Compound,2019-12-13
1078,Rest,2019-12-14
1079,Compound,2019-12-15
1080,Rest,2019-12-16
1081,Compound,2019-12-17
1082,Rest,2019-12-18
1083,Rest,2019-12-19
1084,Compound,2019-12-20
1085,Rest,2019-12-21
1086,Compound,2019-12-22
1087,Rest,2019-12-23
1088,Compound,2019-12-24
1089,Rest,2019-12-25
1090,Rest,2019-12-26
1091,Compound,2019-12-27
1092,Rest,2019-12-28
1093,Rest,2019-12-29
1094,Rest,2019-12-30
1095,Rest,2019-12-31
1096,Rest,2020-01-01
1097,Rest,2020-01-02
1098,Rest,2020-01-03
1099,Rest,2020-01-04
1100,Rest,2020-01-05
1101,Rest,2020-01-06
1102,Rest,2020-01-07
1103,Rest,2020-01-08
1104,Rest,2020-01-09
1105,Chest,2020-01-10
1106,Back,2020-01-11
1107,Legs,2020-01-12
1108,Chest,2020-01-13
1109,Back,2020-01-14
1110,Legs,2020-01-15
1111,Chest,2020-01-16
1112,Back,2020-01-17
1113,Legs,2020-01-18
1114,Rest,2020-01-19
1115,Chest,2020-01-20
1116,Back,2020-01-21
1117,Legs,2020-01-22
1118,Chest,2020-01-23
1119,Back,2020-01-24
1120,Rest,2020-01-25
1121,Rest,2020-01-26
1122,Chest,2020-01-27
1123,Back,2020-01-28
1124,Legs,2020-01-29
1125,Chest,2020-01-30
1126,Back,2020-01-31
1127,Legs,2020-02-01
1128,Rest,2020-02-02
1129,Chest,2020-02-03
1130,Back,2020-02-04
1131,Legs,2020-02-05
1132,Chest,2020-02-06
1133,Back,2020-02-07
1134,Running,2020-02-08
1135,Running,2020-02-09
1136,Chest,2020-02-10
1137,Back,2020-02-11
1138,Rest,2020-02-12
1139,Rest,2020-02-13
1140,Rest,2020-02-14
1141,Rest,2020-02-15
1142,Rest,2020-02-16
1143,Rest,2020-02-17
1144,Rest,2020-02-18
1145,Rest,2020-02-19
1146,Rest,2020-02-20
1147,Chest,2020-02-21
1148,Back,2020-02-22
1149,Rest,2020-02-23
1150,Chest,2020-02-24
1151,Back,2020-02-25
1152,Legs,2020-02-26
1153,Chest,2020-02-27
1154,Back,2020-02-28
1155,Rest,2020-02-29
1156,Rest,2020-03-01
1157,Chest,2020-03-02
1158,Back,2020-03-03
1159,Legs,2020-03-04
1160,Chest,2020-03-05
1161,Back,2020-03-06
1162,Running,2020-03-07
1163,Rest,2020-03-08
1164,Chest,2020-03-09
1165,Back,2020-03-10
1166,Rest,2020-03-11
1167,Rest,2020-03-12
1168,Running,2020-03-13
1169,Rest,2020-03-14
1170,Rest,2020-03-15
1171,Rest,2020-03-16
1172,Rest,2020-03-17
1173,Multisport,2020-03-18
1174,Rest,2020-03-19
1175,Rest,2020-03-20
1176,Running,2020-03-21
1177,Multisport,2020-03-22
1178,Multisport,2020-03-23
1179,Rest,2020-03-24
1180,Running,2020-03-25
1181,Multisport,2020-03-26
1182,Running,2020-03-27
1183,Rest,2020-03-28
1184,Multisport,2020-03-29
1185,Rest,2020-03-30
1186,Multisport,2020-03-31
1187,Rest,2020-04-01
1188,Multisport,2020-04-02
1189,Multisport,2020-04-03
1190,Running,2020-04-04
